{"1":{"0":0.4116216216,"1":0.4626426426,"2":0.4264864865,"3":0.4485885886,"4":0.4725825826,"5":0.4777177177,"6":0.4287687688,"7":0.4508708709,"8":0.4372372372,"9":0.414984985,"10":0.408018018,"11":0.4436036036,"12":0.4572072072,"13":0.435045045,"14":0.4406606607,"15":0.4778678679,"16":0.4344144144,"17":0.4203603604,"18":0.4775075075,"19":0.4548648649},"2":{"0":0.6473273273,"1":0.6593393393,"2":0.6610810811,"3":0.6300900901,"4":0.6879279279,"5":0.6623123123,"6":0.6354654655,"7":0.6551351351,"8":0.6570870871,"9":0.6261261261,"10":0.6166366366,"11":0.6377777778,"12":0.6582882883,"13":0.6481081081,"14":0.6226126126,"15":0.6578378378,"16":0.6622522523,"17":0.6263663664,"18":0.6480780781,"19":0.6470570571},"3":{"0":0.7732132132,"1":0.767987988,"2":0.7638438438,"3":0.7448048048,"4":0.785975976,"5":0.7673873874,"6":0.7561561562,"7":0.7671171171,"8":0.7723423423,"9":0.7454054054,"10":0.7452552553,"11":0.7465465465,"12":0.7831531532,"13":0.7834534535,"14":0.7388588589,"15":0.7763063063,"16":0.7661561562,"17":0.7417117117,"18":0.7618918919,"19":0.77996997},"4":{"0":0.8505105105,"1":0.846996997,"2":0.8392192192,"3":0.8288588589,"4":0.8522222222,"5":0.8332132132,"6":0.8213513514,"7":0.8351051051,"8":0.8472672673,"9":0.8291291291,"10":0.8332132132,"11":0.8224324324,"12":0.849009009,"13":0.8463663664,"14":0.8229129129,"15":0.8453453453,"16":0.8417717718,"17":0.8115315315,"18":0.8368168168,"19":0.8479279279},"5":{"0":0.8904204204,"1":0.9027627628,"2":0.87996997,"3":0.8774174174,"4":0.8977177177,"5":0.8901201201,"6":0.8756756757,"7":0.8744144144,"8":0.8896396396,"9":0.8868768769,"10":0.877987988,"11":0.8753453453,"12":0.8957657658,"13":0.8865765766,"14":0.8672972973,"15":0.8926126126,"16":0.8854354354,"17":0.8604204204,"18":0.8876276276,"19":0.8901801802},"6":{"0":0.9186486486,"1":0.9292192192,"2":0.9147447447,"3":0.9143243243,"4":0.9226426426,"5":0.9172672673,"6":0.9035435435,"7":0.9077177177,"8":0.9189189189,"9":0.9123123123,"10":0.9100900901,"11":0.9074174174,"12":0.9258858859,"13":0.9108108108,"14":0.9026126126,"15":0.9244144144,"16":0.917957958,"17":0.9031531532,"18":0.9134234234,"19":0.921021021},"7":{"0":0.9418918919,"1":0.9505405405,"2":0.9378678679,"3":0.9393393393,"4":0.9426726727,"5":0.9382282282,"6":0.9236336336,"7":0.9325525526,"8":0.9413813814,"9":0.9370570571,"10":0.9301501502,"11":0.9278078078,"12":0.9448348348,"13":0.9413213213,"14":0.9332432432,"15":0.9443843844,"16":0.9393693694,"17":0.9237537538,"18":0.9359459459,"19":0.9445945946},"8":{"0":0.9524624625,"1":0.9632432432,"2":0.9502102102,"3":0.9504804805,"4":0.9546246246,"5":0.9518918919,"6":0.9433933934,"7":0.9512612613,"8":0.9564264264,"9":0.9510510511,"10":0.9464264264,"11":0.9453153153,"12":0.9584384384,"13":0.9559159159,"14":0.9518318318,"15":0.959039039,"16":0.9565165165,"17":0.9450750751,"18":0.9523123123,"19":0.9591291291},"9":{"0":0.9642042042,"1":0.9706606607,"2":0.9637237237,"3":0.9620720721,"4":0.963033033,"5":0.9620720721,"6":0.9577477477,"7":0.9631831832,"8":0.9647147147,"9":0.9651651652,"10":0.9597897898,"11":0.9586486486,"12":0.9677177177,"13":0.9658858859,"14":0.9611111111,"15":0.9668768769,"16":0.9668168168,"17":0.9573573574,"18":0.9637537538,"19":0.9672972973},"10":{"0":0.9733633634,"1":0.9771171171,"2":0.970990991,"3":0.973003003,"4":0.9708708709,"5":0.9686486486,"6":0.9678978979,"7":0.9721921922,"8":0.9733033033,"9":0.9726426426,"10":0.9683483483,"11":0.9698798799,"12":0.9747747748,"13":0.9727627628,"14":0.9711711712,"15":0.9756756757,"16":0.9735435435,"17":0.9692492492,"18":0.9697897898,"19":0.974954955},"11":{"0":0.9797597598,"1":0.9821621622,"2":0.9789189189,"3":0.9772072072,"4":0.9779279279,"5":0.9766666667,"6":0.9781081081,"7":0.9761861862,"8":0.9774474474,"9":0.978978979,"10":0.9751051051,"11":0.9769369369,"12":0.979009009,"13":0.9791891892,"14":0.9766666667,"15":0.9809009009,"16":0.976996997,"17":0.9757357357,"18":0.9783783784,"19":0.9815915916},"12":{"0":0.9843843844,"1":0.9857957958,"2":0.9828228228,"3":0.9803903904,"4":0.9824324324,"5":0.9822822823,"6":0.9828828829,"7":0.9817117117,"8":0.9812012012,"9":0.9824624625,"10":0.9799099099,"11":0.9806306306,"12":0.9842342342,"13":0.9864564565,"14":0.9817417417,"15":0.9863663664,"16":0.9831531532,"17":0.9802102102,"18":0.9811411411,"19":0.9860960961},"13":{"0":0.9874174174,"1":0.9886786787,"2":0.9868768769,"3":0.9824324324,"4":0.986006006,"5":0.9857357357,"6":0.9852552553,"7":0.9852552553,"8":0.9841441441,"9":0.9857957958,"10":0.9832132132,"11":0.9834234234,"12":0.9870570571,"13":0.9894894895,"14":0.9851651652,"15":0.9885885886,"16":0.9865765766,"17":0.9844144144,"18":0.9851051051,"19":0.9879279279},"14":{"0":0.99003003,"1":0.9902402402,"2":0.9888588589,"3":0.985975976,"4":0.9881381381,"5":0.9873873874,"6":0.987987988,"7":0.9876876877,"8":0.9876876877,"9":0.988048048,"10":0.9855555556,"11":0.9871771772,"12":0.9892192192,"13":0.9908708709,"14":0.988018018,"15":0.9906006006,"16":0.9898198198,"17":0.986966967,"18":0.9867267267,"19":0.9897597598},"15":{"0":0.9914114114,"1":0.9912612613,"2":0.9903903904,"3":0.9884984985,"4":0.9902702703,"5":0.99,"6":0.9901501502,"7":0.9897897898,"8":0.9895795796,"9":0.9901201201,"10":0.9886786787,"11":0.9895495495,"12":0.990960961,"13":0.9922522523,"14":0.9904504505,"15":0.9925525526,"16":0.9915015015,"17":0.9887687688,"18":0.9885285285,"19":0.9910510511},"16":{"0":0.9925225225,"1":0.992972973,"2":0.9923723724,"3":0.9905105105,"4":0.9922822823,"5":0.991981982,"6":0.9913813814,"7":0.990990991,"8":0.9907207207,"9":0.9918918919,"10":0.9907207207,"11":0.9911411411,"12":0.9927927928,"13":0.9933033033,"14":0.9912012012,"15":0.9932732733,"16":0.9929429429,"17":0.9908708709,"18":0.9914414414,"19":0.9925825826},"17":{"0":0.9937537538,"1":0.9937237237,"2":0.9937837838,"3":0.9921921922,"4":0.9936636637,"5":0.9933633634,"6":0.9921921922,"7":0.9925825826,"8":0.9921621622,"9":0.992972973,"10":0.9922822823,"11":0.9931831832,"12":0.9942942943,"13":0.9945345345,"14":0.9929429429,"15":0.9941441441,"16":0.9942642643,"17":0.9926726727,"18":0.9921621622,"19":0.9931831832},"18":{"0":0.9942042042,"1":0.9948048048,"2":0.9950750751,"3":0.9927027027,"4":0.9951651652,"5":0.9937537538,"6":0.9927027027,"7":0.9937537538,"8":0.9926726727,"9":0.9942342342,"10":0.9933033033,"11":0.9935435435,"12":0.9951951952,"13":0.9943243243,"14":0.9936936937,"15":0.9948048048,"16":0.9956156156,"17":0.9941141141,"18":0.9926726727,"19":0.9942942943},"19":{"0":0.9949249249,"1":0.995045045,"2":0.9958558559,"3":0.995015015,"4":0.9955555556,"5":0.995045045,"6":0.9935735736,"7":0.9954054054,"8":0.9935735736,"9":0.9952252252,"10":0.9944144144,"11":0.9943843844,"12":0.996006006,"13":0.9951351351,"14":0.9943243243,"15":0.9953753754,"16":0.9967267267,"17":0.9953753754,"18":0.9941441441,"19":0.9945945946},"20":{"0":0.9951651652,"1":0.9953753754,"2":0.9969369369,"3":0.9953753754,"4":0.9959459459,"5":0.9957057057,"6":0.9942342342,"7":0.9963063063,"8":0.9944444444,"9":0.9961561562,"10":0.9948948949,"11":0.9951051051,"12":0.9966366366,"13":0.996036036,"14":0.9951951952,"15":0.9958258258,"16":0.9970870871,"17":0.9956456456,"18":0.9952852853,"19":0.995015015},"21":{"0":0.9957957958,"1":0.9959159159,"2":0.9972072072,"3":0.9957057057,"4":0.9965165165,"5":0.9962162162,"6":0.995045045,"7":0.9974474474,"8":0.9958258258,"9":0.9967867868,"10":0.995975976,"11":0.9957957958,"12":0.9972372372,"13":0.9968468468,"14":0.9956456456,"15":0.9964864865,"16":0.9972072072,"17":0.9964264264,"18":0.9953453453,"19":0.9957957958},"22":{"0":0.9963063063,"1":0.9966666667,"2":0.9973873874,"3":0.9959459459,"4":0.996996997,"5":0.996996997,"6":0.9953753754,"7":0.9976276276,"8":0.9961561562,"9":0.9971471471,"10":0.9970570571,"11":0.9957657658,"12":0.9977477477,"13":0.9974474474,"14":0.9961261261,"15":0.9965165165,"16":0.9974174174,"17":0.9966666667,"18":0.9952852853,"19":0.9967867868},"23":{"0":0.9966366366,"1":0.996996997,"2":0.997987988,"3":0.9961561562,"4":0.9976276276,"5":0.9971471471,"6":0.9957957958,"7":0.9975375375,"8":0.996996997,"9":0.9974174174,"10":0.9975075075,