{"1":{"0":0.5677821012,"1":0.5050583658,"2":0.4901167315,"3":0.5409727626,"4":0.5283268482,"5":0.5192217899,"6":0.5326459144,"7":0.4954085603,"8":0.5127626459,"9":0.5153696498,"10":0.5358754864,"11":0.4745525292,"12":0.5086381323,"13":0.5250194553,"14":0.5140466926,"15":0.5079377432,"16":0.480311284,"17":0.4899610895,"18":0.5080933852,"19":0.4758365759},"2":{"0":0.7598054475,"1":0.7161089494,"2":0.683463035,"3":0.7313229572,"4":0.7083268482,"5":0.7082490272,"6":0.7119066148,"7":0.7029182879,"8":0.716770428,"9":0.7176653696,"10":0.7230350195,"11":0.6871595331,"12":0.7131128405,"13":0.7346692607,"14":0.72,"15":0.7035019455,"16":0.6868871595,"17":0.7019455253,"18":0.6981322957,"19":0.6875486381},"3":{"0":0.8384435798,"1":0.8216731518,"2":0.7836964981,"3":0.8242801556,"4":0.8119844358,"5":0.8017120623,"6":0.8107782101,"7":0.8184824903,"8":0.829688716,"9":0.8138132296,"10":0.8196498054,"11":0.8123735409,"12":0.8159533074,"13":0.8240466926,"14":0.8066536965,"15":0.8051361868,"16":0.7998054475,"17":0.8227626459,"18":0.8098054475,"19":0.8070817121},"4":{"0":0.8814396887,"1":0.8787159533,"2":0.8445525292,"3":0.8698054475,"4":0.8715564202,"5":0.8550972763,"6":0.8612840467,"7":0.8779377432,"8":0.8828793774,"9":0.8719066148,"10":0.866381323,"11":0.8792996109,"12":0.8719066148,"13":0.873463035,"14":0.8655642023,"15":0.8731906615,"16":0.8578210117,"17":0.8676264591,"18":0.8670428016,"19":0.8631906615},"5":{"0":0.9058754864,"1":0.906381323,"2":0.8810505837,"3":0.8970817121,"4":0.9054863813,"5":0.8957976654,"6":0.8928404669,"7":0.9100389105,"8":0.909844358,"9":0.9047081712,"10":0.8912062257,"11":0.9074319066,"12":0.9098054475,"13":0.8968093385,"14":0.8961867704,"15":0.8990272374,"16":0.8887937743,"17":0.8994941634,"18":0.9005836576,"19":0.8964980545},"6":{"0":0.9215953307,"1":0.919688716,"2":0.9047470817,"3":0.9171595331,"4":0.9240856031,"5":0.913307393,"6":0.9096498054,"7":0.9258365759,"8":0.9276264591,"9":0.9237743191,"10":0.913618677,"11":0.9267315175,"12":0.9225680934,"13":0.9160311284,"14":0.9161089494,"15":0.9188326848,"16":0.9148249027,"17":0.9172762646,"18":0.9226070039,"19":0.9250972763},"7":{"0":0.9363424125,"1":0.9321011673,"2":0.9204280156,"3":0.9322957198,"4":0.9350583658,"5":0.926536965,"6":0.9209727626,"7":0.9371595331,"8":0.93692607,"9":0.9372373541,"10":0.9264202335,"11":0.9382879377,"12":0.9364202335,"13":0.9287937743,"14":0.9273929961,"15":0.9303891051,"16":0.9292996109,"17":0.929766537,"18":0.9288715953,"19":0.9359143969},"8":{"0":0.9422568093,"1":0.9392607004,"2":0.9330350195,"3":0.9426070039,"4":0.9422178988,"5":0.936770428,"6":0.933385214,"7":0.9409338521,"8":0.9461478599,"9":0.9470817121,"10":0.9338132296,"11":0.9467315175,"12":0.94,"13":0.9380933852,"14":0.933618677,"15":0.9375875486,"16":0.9361867704,"17":0.939688716,"18":0.9386381323,"19":0.9444357977},"9":{"0":0.9486381323,"1":0.9462645914,"2":0.9421400778,"3":0.9488326848,"4":0.9482101167,"5":0.9425291829,"6":0.9385992218,"7":0.9474708171,"8":0.9517509728,"9":0.9522568093,"10":0.9445136187,"11":0.953307393,"12":0.9454085603,"13":0.9454863813,"14":0.9421789883,"15":0.9445914397,"16":0.9415953307,"17":0.94692607,"18":0.946770428,"19":0.9512840467},"10":{"0":0.9538132296,"1":0.9519844358,"2":0.9482490272,"3":0.9534241245,"4":0.9539299611,"5":0.9487937743,"6":0.9436575875,"7":0.9512062257,"8":0.9582490272,"9":0.9540077821,"10":0.9491828794,"11":0.9554474708,"12":0.9495330739,"13":0.9513618677,"14":0.9464202335,"15":0.9499610895,"16":0.9478988327,"17":0.9517509728,"18":0.9519455253,"19":0.9573540856},"11":{"0":0.9570817121,"1":0.9583268482,"2":0.9516342412,"3":0.9576264591,"4":0.956848249,"5":0.9517120623,"6":0.9504669261,"7":0.9536575875,"8":0.959922179,"9":0.956459144,"10":0.9542412451,"11":0.9587937743,"12":0.9545525292,"13":0.9549416342,"14":0.9498054475,"15":0.9546303502,"16":0.9538521401,"17":0.9563424125,"18":0.9539688716,"19":0.9606614786},"12":{"0":0.9577431907,"1":0.9607003891,"2":0.9552140078,"3":0.9589494163,"4":0.9589494163,"5":0.9544747082,"6":0.9550972763,"7":0.95692607,"8":0.9617120623,"9":0.9592217899,"10":0.9589105058,"11":0.9607392996,"12":0.95692607,"13":0.9559922179,"14":0.9518677043,"15":0.9564202335,"16":0.9578210117,"17":0.9594552529,"18":0.9577431907,"19":0.9630350195},"13":{"0":0.9591828794,"1":0.9647859922,"2":0.9578599222,"3":0.963463035,"4":0.9623735409,"5":0.9576264591,"6":0.9575097276,"7":0.9589883268,"8":0.9640856031,"9":0.9628404669,"10":0.9613618677,"11":0.963151751,"12":0.9612062257,"13":0.9584435798,"14":0.9557587549,"15":0.9584046693,"16":0.9629182879,"17":0.9615953307,"18":0.9597276265,"19":0.9637354086},"14":{"0":0.9618287938,"1":0.9659143969,"2":0.9598832685,"3":0.9638132296,"4":0.9633463035,"5":0.9594163424,"6":0.9608171206,"7":0.9608560311,"8":0.9641245136,"9":0.9641245136,"10":0.9647470817,"11":0.9655252918,"12":0.9617898833,"13":0.9589494163,"14":0.9588326848,"15":0.9600389105,"16":0.9661867704,"17":0.9625291829,"18":0.9622568093,"19":0.9642801556},"15":{"0":0.9620622568,"1":0.9663424125,"2":0.9618287938,"3":0.9651361868,"4":0.9645914397,"5":0.9608171206,"6":0.9641245136,"7":0.9633463035,"8":0.966536965,"9":0.966459144,"10":0.9643579767,"11":0.9686381323,"12":0.9626070039,"13":0.9612840467,"14":0.9599610895,"15":0.9621011673,"16":0.9651361868,"17":0.9639299611,"18":0.9652529183,"19":0.9657198444},"16":{"0":0.9640466926,"1":0.9660700389,"2":0.9629961089,"3":0.966381323,"4":0.9663424125,"5":0.9625680934,"6":0.9659533074,"7":0.9651750973,"8":0.9661867704,"9":0.9678210117,"10":0.9655642023,"11":0.970155642,"12":0.9649027237,"13":0.9613618677,"14":0.9623346304,"15":0.9646303502,"16":0.9659533074,"17":0.9654085603,"18":0.9668093385,"19":0.9657587549},"17":{"0":0.9661089494,"1":0.9671206226,"2":0.9641245136,"3":0.9673151751,"4":0.9671206226,"5":0.9642412451,"6":0.9687548638,"7":0.9657587549,"8":0.9664202335,"9":0.9682490272,"10":0.9659922179,"11":0.9711284047,"12":0.9657976654,"13":0.9637743191,"14":0.963540856,"15":0.9661867704,"16":0.9671206226,"17":0.966770428,"18":0.9686381323,"19":0.9659143969},"18":{"0":0.9680544747,"1":0.9673929961,"2":0.9648249027,"3":0.9676264591,"4":0.9674708171,"5":0.9648249027,"6":0.9687937743,"7":0.9659922179,"8":0.970077821,"9":0.9687937743,"10":0.970077821,"11":0.9714785992,"12":0.9670038911,"13":0.9641245136,"14":0.9656031128,"15":0.9683657588,"16":0.9681712062,"17":0.9680544747,"18":0.9685992218,"19":0.966692607},"19":{"0":0.9690661479,"1":0.9685214008,"2":0.9649416342,"3":0.9682101167,"4":0.9673540856,"5":0.9661478599,"6":0.9697276265,"7":0.9661089494,"8":0.9707392996,"9":0.970077821,"10":0.969766537,"11":0.9714396887,"12":0.9679766537,"13":0.9645525292,"14":0.9639688716,"15":0.9686381323,"16":0.9681322957,"17":0.9680155642,"18":0.97,"19":0.9682879377},"20":{"0":0.970311284,"1":0.9692607004,"2":0.9673929961,"3":0.969844358,"4":0.9690272374,"5":0.9678210117,"6":0.9706614786,"7":0.9682490272,"8":0.9712451362,"9":0.9702723735,"10":0.9699610895,"11":0.9741245136,"12":0.9684824903,"13":0.9647859922,"14":0.9640077821,"15":0.9688326848,"16":0.9687159533,"17":0.9694552529,"18":0.9706614786,"19":0.9690272374},"21":{"0":0.9703891051,"1":0.9694552529,"2":0.9689883268,"3":0.9710505837,"4":0.9694941634,"5":0.9690661479,"6":0.970155642,"7":0.9693385214,"8":0.9722568093,"9":0.969844358,"10":0.969688716,"11":0.9750194553,"12":0.9684824903,"13":0.9642801556,"14":0.9652529183,"15":0.9715564202,"16":0.9714007782,"17":0.9686381323,"18":0.9720233463,"19":0.9695330739},"22":{"0":0.9697276265,"1":0.9695719844,"2":0.9707392996,"3":0.9715953307,"4":0.9695330739,"5":0.9694941634,"6":0.970233463,"7":0.9694163424,"8":0.9719844358,"9":0.9694941634,"10":0.9701945525,"11":0.9757198444,"12":0.9690661479,"13":0.9659922179,"14":0.9679766537,"15":0.9724902724,"16":0.9715564202,"17":0.9695330739,"18":0.9731906615,"19":0.9716342412},"23":{"0":0.9707392996,"1":0.970077821,"2":0.9708560311,"3":0.9719844358,"4":0.9721400778,"5":0.9719066148,"6":0.9736964981,"7":0.9713229572,"8":0.9722957198,"9":0.969844358,"10":0.9703891051,"11":0.9757587549,